AAPL,2025-05-01,call,2025-05-02,200.0,O:AAPL250502C00200000,14.0,5.02,-8.98,2.3691032711198403,,,2025-04-30,2025-05-02
AAPL,2025-05-01,put,2025-05-02,200.0,O:AAPL250502P00200000,1.04,0.02,-1.02,0.18071224586205417,,,2025-04-30,2025-05-02
AAPL,2024-08-01,call,2024-08-02,210.0,O:AAPL240802C00210000,13.35,9.7,-3.6500000000000004,2.15062098826603,,,2024-07-31,2024-08-02
AAPL,2024-08-01,put,2024-08-02,210.0,O:AAPL240802P00210000,0.83,0.01,-0.82,0.1384464188559839,,,2024-07-31,2024-08-02
AAPL,2024-02-01,call,2024-02-02,180.0,O:AAPL240202C00180000,6.2,5.91,-0.29000000000000004,1.1622548313463295,,,2024-01-31,2024-02-02
AAPL,2024-02-01,put,2024-02-02,180.0,O:AAPL240202P00180000,1.68,0.01,-1.67,0.32071990642729375,,,2024-01-31,2024-02-02
MSFT,2025-04-30,call,2025-05-02,385.0,O:MSFT250502C00385000,14.58,40.5,25.92,1.0419736684660992,,,2025-04-29,2025-05-01
MSFT,2025-04-30,put,2025-05-02,385.0,O:MSFT250502P00385000,5.36,0.05,-5.3100000000000005,0.3906827378284333,0.009127193390780677,38.15555444376527,2025-04-29,2025-05-01
MSFT,2024-07-30,call,2024-08-02,422.5,O:MSFT240802C00422500,13.2,2.78,-10.42,0.7419023331422531,0.21817522624387908,52.3727106898374,2024-07-29,2024-07-31
MSFT,2024-07-30,put,2024-08-02,422.5,O:MSFT240802P00422500,8.51,7.0,-1.5099999999999998,0.48900873366424347,0.565783361928569,-7.677462826432557,2024-07-29,2024-07-31
MSFT,2024-01-30,call,2024-02-02,385.0,O:MSFT240202C00385000,26.55,14.54,-12.010000000000002,1.6471621942944272,1.2748700194411466,37.22921748532806,2024-01-29,2024-01-31
MSFT,2024-01-30,put,2024-02-02,385.0,O:MSFT240202P00385000,1.28,0.42,-0.8600000000000001,0.08603086636486029,0.04141965564187853,4.461121072298177,2024-01-29,2024-01-31
AMZN,2025-05-01,call,2025-05-02,180.0,O:AMZN250502C00180000,8.45,10.0,1.5500000000000007,1.5861501955947945,,,2025-04-30,2025-05-02
AMZN,2025-05-01,put,2025-05-02,180.0,O:AMZN250502P00180000,4.25,0.01,-4.24,0.8043941313333759,,,2025-04-30,2025-05-02
AMZN,2024-08-01,call,2024-08-02,180.0,O:AMZN240802C00180000,10.77,0.01,-10.76,2.0236431047641172,,,2024-07-31,2024-08-02
AMZN,2024-08-01,put,2024-08-02,180.0,O:AMZN240802P00180000,3.53,12.28,8.75,0.6688726165503396,,,2024-07-31,2024-08-02
AMZN,2024-04-30,call,2024-05-03,170.0,O:AMZN240503C00170000,13.86,9.15,-4.709999999999999,1.9495294563770553,1.819590844357745,12.993861201931022,2024-04-29,2024-05-01
AMZN,2024-04-30,put,2024-05-03,170.0,O:AMZN240503P00170000,2.83,0.21,-2.62,0.40527200138242053,0.046327081968126016,35.89449194142945,2024-04-29,2024-05-01
AMZN,2024-02-01,call,2024-02-02,148.0,O:AMZN240202C00148000,9.55,23.85,14.3,2.1830888450086072,,,2024-01-31,2024-02-02
AMZN,2024-02-01,put,2024-02-02,148.0,O:AMZN240202P00148000,2.15,0.01,-2.14,0.49664440357328277,,,2024-01-31,2024-02-02
GOOGL,2025-02-04,call,2025-02-07,195.0,O:GOOGL250207C00195000,10.05,0.81,-9.24,1.2286776678136402,0.1359911335599452,109.26865342536951,2025-02-03,2025-02-05
GOOGL,2025-02-04,put,2025-02-07,195.0,O:GOOGL250207P00195000,3.75,4.35,0.5999999999999996,0.46717533123086924,0.7602318188663839,-29.305648763551467,2025-02-03,2025-02-05
GOOGL,2024-10-29,call,2024-11-01,162.5,O:GOOGL241101C00162500,8.15,12.02,3.869999999999999,1.195447493960234,2.504078534630497,-130.8631040670263,2024-10-28,2024-10-30
GOOGL,2024-10-29,put,2024-11-01,162.5,O:GOOGL241101P00162500,3.73,0.05,-3.68,0.5563838788246334,0.01459256900444979,54.17913098201835,2024-10-28,2024-10-30
GOOGL,2024-01-30,call,2024-02-02,145.0,O:GOOGL240202C00145000,9.65,0.19,-9.46,1.5892487749882003,0.03956617658806579,154.96825984001345,2024-01-29,2024-01-31
GOOGL,2024-01-30,put,2024-02-02,145.0,O:GOOGL240202P00145000,1.06,5.0,3.94,0.18157819577812917,1.1728398089334047,-99.12616131552755,2024-01-29,2024-01-31
GOOGL,2023-10-24,call,2023-10-27,136.0,O:GOOGL231027C00136000,4.0,0.03,-3.97,0.6980194218267769,,,2023-10-23,2023-10-25
GOOGL,2023-10-24,put,2023-10-27,136.0,O:GOOGL231027P00136000,3.35,10.37,7.02,0.5966059268997946,2.5909851125056784,-199.4379185605884,2023-10-23,2023-10-25
GOOGL,2023-04-25,call,2023-04-28,105.0,O:GOOGL230428C00105000,3.25,0.64,-2.61,0.7349458155394923,0.2017585964230503,53.318721911644204,2023-04-24,2023-04-26
GOOGL,2023-04-25,put,2023-04-28,105.0,O:GOOGL230428P00105000,2.22,1.84,-0.3800000000000001,0.5129896284430323,0.5981606350256374,-8.517100658260512,2023-04-24,2023-04-26
META,2025-04-30,call,2025-05-02,560.0,O:META250502C00560000,18.73,14.67,-4.0600000000000005,0.9195162327289436,1.2515493672817561,-33.20331345528126,2025-04-29,2025-05-01
META,2025-04-30,put,2025-05-02,560.0,O:META250502P00560000,23.9,2.38,-21.52,1.1864966502002052,0.20680699406075512,97.96896561394502,2025-04-29,2025-05-01
META,2024-07-31,call,2024-08-02,470.0,O:META240802C00470000,18.35,27.8,9.45,1.0744340108037191,2.832090992800723,-175.76569819970038,2024-07-30,2024-08-01
META,2024-07-31,put,2024-08-02,470.0,O:META240802P00470000,24.35,0.43,-23.92,1.4394305421443165,0.04702367703389627,139.24068651104201,2024-07-30,2024-08-01
META,2024-02-01,call,2024-02-02,375.0,O:META240202C00375000,21.2,99.88,78.67999999999999,1.911583908207328,,,2024-01-31,2024-02-02
META,2024-02-01,put,2024-02-02,375.0,O:META240202P00375000,6.56,0.01,-6.55,0.5971282157236235,,,2024-01-31,2024-02-02
META,2023-02-01,call,2023-02-03,145.0,O:META230203C00145000,10.15,43.79,33.64,1.932593799401437,,,2023-01-31,2023-02-02
META,2023-02-01,put,2023-02-03,145.0,O:META230203P00145000,6.1,0.02,-6.08,1.1696141561157785,0.009528753865554938,116.00854022502236,2023-01-31,2023-02-02
META,2025-04-30,call,2025-05-02,560.0,O:META250502C00560000,18.73,14.67,-4.0600000000000005,0.9195162327289436,1.2515493672817561,-33.20331345528126,2025-04-29,2025-05-01
META,2025-04-30,put,2025-05-02,560.0,O:META250502P00560000,23.9,2.38,-21.52,1.1864966502002052,0.20680699406075512,97.96896561394502,2025-04-29,2025-05-01
META,2024-07-31,call,2024-08-02,470.0,O:META240802C00470000,18.35,27.8,9.45,1.0744340108037191,2.832090992800723,-175.76569819970038,2024-07-30,2024-08-01
META,2024-07-31,put,2024-08-02,470.0,O:META240802P00470000,24.35,0.43,-23.92,1.4394305421443165,0.04702367703389627,139.24068651104201,2024-07-30,2024-08-01
META,2024-02-01,call,2024-02-02,375.0,O:META240202C00375000,21.2,99.88,78.67999999999999,1.911583908207328,,,2024-01-31,2024-02-02
META,2024-02-01,put,2024-02-02,375.0,O:META240202P00375000,6.56,0.01,-6.55,0.5971282157236235,,,2024-01-31,2024-02-02
META,2023-02-01,call,2023-02-03,145.0,O:META230203C00145000,10.15,43.79,33.64,1.932593799401437,,,2023-01-31,2023-02-02
META,2023-02-01,put,2023-02-03,145.0,O:META230203P00145000,6.1,0.02,-6.08,1.1696141561157785,0.009528753865554938,116.00854022502236,2023-01-31,2023-02-02
TSLA,2025-04-22,call,2025-04-25,265.0,O:TSLA250425C00265000,1.8,1.74,-0.06000000000000005,0.15604048144983346,0.21770628684015098,-6.166580539031752,2025-04-21,2025-04-23
TSLA,2025-04-22,put,2025-04-25,265.0,O:TSLA250425P00265000,39.09,15.55,-23.540000000000003,3.56006464019122,1.9937521353199723,156.6312504871248,2025-04-21,2025-04-23
TSLA,2024-04-23,call,2024-04-26,175.0,O:TSLA240426C00175000,0.3,0.19,-0.10999999999999999,0.03409793300102756,0.03191716271735979,0.21807702836677684,2024-04-22,2024-04-24
TSLA,2024-04-23,put,2024-04-26,175.0,O:TSLA240426P00175000,33.77,13.0,-20.770000000000003,4.674663219755744,2.524161209794721,215.0502009961023,2024-04-22,2024-04-24
AMD,2025-02-04,call,2025-02-07,124.0,O:AMD250207C00124000,1.89,0.05,-1.8399999999999999,0.35848369986718237,0.008195647740105439,35.028805212707695,2025-02-03,2025-02-05
AMD,2025-02-04,put,2025-02-07,124.0,O:AMD250207P00124000,11.38,12.1,0.7199999999999989,2.2095621506118794,3.3177508904835236,-110.81887398716441,2025-02-03,2025-02-05
AMD,2024-10-29,call,2024-11-01,150.0,O:AMD241101C00150000,12.4,1.91,-10.49,1.9769122485823891,0.42660684845483027,155.0305400127559,2024-10-28,2024-10-30
AMD,2024-10-29,put,2024-11-01,150.0,O:AMD241101P00150000,2.28,3.11,0.8300000000000001,0.3706030469350171,0.7068921520008954,-33.62891050658783,2024-10-28,2024-10-30
AMD,2024-07-30,call,2024-08-02,150.0,O:AMD240802C00150000,2.39,0.98,-1.4100000000000001,0.37504817465486784,0.21659847962564932,15.844969502921852,2024-07-29,2024-07-31
AMD,2024-07-30,put,2024-08-02,150.0,O:AMD240802P00150000,12.5,6.3,-6.2,2.006158509060298,1.4277256254697155,57.843288359058256,2024-07-29,2024-07-31
AMD,2024-04-30,call,2024-05-03,160.0,O:AMD240503C00160000,6.95,0.08,-6.87,1.0343072626039358,0.011715095406343452,102.25921671975924,2024-04-29,2024-05-01
AMD,2024-04-30,put,2024-05-03,160.0,O:AMD240503P00160000,6.68,15.76,9.08,1.006970741129946,3.349124873654173,-234.2154132524227,2024-04-29,2024-05-01
AMD,2024-01-30,put,2024-02-02,157.5,O:AMD240202P00157500,1.09,0.21,-0.8800000000000001,0.17223972747723182,0.049657313399746626,12.25824140774852,2024-01-29,2024-01-31
AMD,2024-01-30,call,2024-02-02,157.5,O:AMD240202C00157500,20.9,10.55,-10.349999999999998,3.186419075815455,2.266586997505077,91.98320783103782,2024-01-29,2024-01-31
AMD,2023-10-31,call,2023-11-03,102.0,O:AMD231103C00102000,1.5,6.25,4.75,0.3456410407830698,2.0725924155971183,-172.69513748140483,2023-10-30,2023-11-01
AMD,2023-10-31,put,2023-11-03,102.0,O:AMD231103P00102000,7.1,0.13,-6.97,1.6758827066657538,0.04765934073817409,162.82233659275798,2023-10-30,2023-11-01
AMD,2023-08-01,call,2023-08-04,114.0,O:AMD230804C00114000,4.7,0.55,-4.15,0.9813145901252792,0.15871401125869872,82.26005788665805,2023-07-31,2023-08-02
AMD,2023-08-01,put,2023-08-04,114.0,O:AMD230804P00114000,4.15,5.0,0.8499999999999996,0.8787581628090462,1.4907991058385468,-61.20409430295006,2023-07-31,2023-08-02
AMD,2023-05-02,call,2023-05-05,90.0,O:AMD230505C00090000,3.25,0.04,-3.21,0.8586134472319701,0.009716935596890682,84.88965116350793,2023-05-01,2023-05-03
AMD,2023-05-02,put,2023-05-05,90.0,O:AMD230505P00090000,3.55,8.37,4.819999999999999,0.9516767570603913,3.161497192707085,-220.9820435646694,2023-05-01,2023-05-03
AMD,2023-01-31,call,2023-02-03,75.0,O:AMD230203C00075000,2.04,9.7,7.659999999999999,0.6450108745189007,4.394836726300892,-374.9825851781991,2023-01-30,2023-02-01
AMD,2023-01-31,put,2023-02-03,75.0,O:AMD230203P00075000,4.53,0.04,-4.49,1.4546009184465718,0.022396166908809315,143.22047515377625,2023-01-30,2023-02-01
INTC,2024-10-31,call,2024-11-01,23.5,O:INTC241101C00023500,0.68,0.01,-0.67,0.9755567869637815,,,2024-10-30,2024-11-01
INTC,2024-10-31,put,2024-11-01,23.5,O:INTC241101P00023500,1.87,0.3,-1.57,2.704117990740567,,,2024-10-30,2024-11-01
INTC,2024-08-01,call,2024-08-02,33.0,O:INTC240802C00033000,0.48,0.01,-0.47,0.487989365471357,,,2024-07-31,2024-08-02
INTC,2024-08-01,put,2024-08-02,33.0,O:INTC240802P00033000,2.64,11.75,9.11,2.718602380158478,,,2024-07-31,2024-08-02
JPM,2025-07-15,call,2025-07-18,270.0,O:JPM250718C00270000,19.3,16.07,-3.2300000000000004,1.7077630133371702,2.012951362674533,-30.51883493373626,2025-07-14,2025-07-16
JPM,2025-07-15,put,2025-07-18,270.0,O:JPM250718P00270000,0.36,0.05,-0.31,0.038136323910753896,0.010249350449364071,2.7886973461389823,2025-07-14,2025-07-16
GS,2024-10-15,call,2024-10-18,480.0,O:GS241018C00480000,42.0,52.3,10.299999999999997,2.093335096411024,3.696990488544195,-160.36553921331708,2024-10-14,2024-10-16
GS,2024-10-15,put,2024-10-18,480.0,O:GS241018P00480000,0.13,0.1,-0.03,0.011915378449242247,0.011082042318260538,0.08333361309817086,2024-10-14,2024-10-16
MS,2024-04-16,call,2024-04-19,450.0,O:MSFT240419C00450000,0.03,0.01,-0.019999999999999997,,,,2024-04-15,2024-04-17
BAC,2025-04-15,call,2025-04-17,38.0,O:BAC250417C00038000,0.33,0.15,-0.18000000000000002,0.234436373421559,0.18575095660129307,4.868541682026595,2025-04-14,2025-04-16
BAC,2025-04-15,put,2025-04-17,38.0,O:BAC250417P00038000,1.61,0.76,-0.8500000000000001,1.1779072253408023,0.9612248063951593,21.6682418945643,2025-04-14,2025-04-16
BAC,2024-10-15,call,2024-10-18,40.0,O:BAC241018C00040000,2.13,2.82,0.69,1.2697589813786,2.3861026459454515,-111.63436645668514,2024-10-14,2024-10-16
BAC,2024-10-15,put,2024-10-18,40.0,O:BAC241018P00040000,0.18,0.01,-0.16999999999999998,0.11422083736356663,0.012564322852358383,10.165651451120825,2024-10-14,2024-10-16
BAC,2024-07-16,call,2024-07-19,40.0,O:BAC240719C00040000,2.05,4.03,1.9800000000000004,1.221754413114557,3.4165755796431596,-219.48211665286027,2024-07-15,2024-07-17
BAC,2024-07-16,put,2024-07-19,40.0,O:BAC240719P00040000,0.15,0.01,-0.13999999999999999,0.09623484305515209,0.012564322852358383,8.36705202027937,2024-07-15,2024-07-17
BAC,2024-04-16,call,2024-04-19,35.0,O:BAC240419C00035000,1.3,0.44,-0.8600000000000001,0.8833510352328311,0.4211226838187446,46.222835141408645,2024-04-15,2024-04-17
BAC,2024-04-16,put,2024-04-19,35.0,O:BAC240419P00035000,0.32,0.17,-0.15,0.22548605892325074,0.16909774610646405,5.638831281678669,2024-04-15,2024-04-17
C,2025-07-15,call,2025-07-18,95.0,O:C250718C00095000,0.19,0.02,-0.17,0.04100848159047615,,,2025-07-14,2025-07-16
C,2025-07-15,put,2025-07-18,95.0,O:C250718P00095000,7.82,4.3,-3.5200000000000005,1.981654043444862,1.5384070830937222,44.32469603511397,2025-07-14,2025-07-16
C,2025-04-15,call,2025-04-17,75.0,O:C250417C00075000,0.01,0.01,0.0,,,,2025-04-14,2025-04-16
C,2025-04-15,put,2025-04-17,75.0,O:C250417P00075000,11.17,13.45,2.2799999999999994,4.148672215154939,,,2025-04-14,2025-04-16
C,2024-10-15,call,2024-10-18,70.0,O:C241018C00070000,0.16,0.02,-0.14,0.04789955861311129,0.003011540421737935,4.488801819137335,2024-10-14,2024-10-16
C,2024-10-15,put,2024-10-18,70.0,O:C241018P00070000,3.95,6.01,2.0599999999999996,1.35922183136424,2.9180508726228327,-155.88290412585928,2024-10-14,2024-10-16
WFC,2025-07-15,call,2025-07-18,78.0,O:WFC250718C00078000,5.56,1.99,-3.5699999999999994,1.7029673517867805,0.8595491872390899,84.34181645476906,2025-07-14,2025-07-16
WFC,2025-07-15,put,2025-07-18,78.0,O:WFC250718P00078000,0.23,0.11,-0.12000000000000001,0.07700755562153737,0.05226938046313775,2.4738175158399622,2025-07-14,2025-07-16
WFC,2025-07-15,call,2025-07-18,78.0,O:WFC250718C00078000,5.56,1.99,-3.5699999999999994,1.7029673517867805,0.8595491872390899,84.34181645476906,2025-07-14,2025-07-16
WFC,2025-07-15,put,2025-07-18,78.0,O:WFC250718P00078000,0.23,0.11,-0.12000000000000001,0.07700755562153737,0.05226938046313775,2.4738175158399622,2025-07-14,2025-07-16
PYPL,2025-10-28,call,2025-10-31,70.0,O:PYPL251031C00070000,3.18,1.0,-2.18,1.0820694048692177,0.47919099148231453,60.28784133869032,2025-10-27,2025-10-29
PYPL,2025-10-28,put,2025-10-31,70.0,O:PYPL251031P00070000,2.86,1.28,-1.5799999999999998,0.985556443392386,0.623971384057461,36.1585059334925,2025-10-27,2025-10-29
PYPL,2025-07-29,call,2025-08-01,77.0,O:PYPL250801C00077000,3.75,0.02,-3.73,1.160590845547224,,,2025-07-28,2025-07-30
PYPL,2025-07-29,put,2025-08-01,77.0,O:PYPL250801P00077000,2.34,7.21,4.87,0.7345868626128356,3.183198211234481,-244.86113486216453,2025-07-28,2025-07-30
PYPL,2025-04-29,call,2025-05-02,67.0,O:PYPL250502C00067000,1.72,0.43,-1.29,0.6083840394581039,0.21268871094306444,39.56953285150395,2025-04-28,2025-04-30
PYPL,2025-04-29,put,2025-05-02,67.0,O:PYPL250502P00067000,3.78,1.69,-2.09,1.358965840395753,0.8590407516943913,49.99250887013616,2025-04-28,2025-04-30
PYPL,2025-02-04,call,2025-02-07,87.0,O:PYPL250207C00087000,4.83,0.02,-4.8100000000000005,1.324187629108923,,,2025-02-03,2025-02-05
PYPL,2025-02-04,put,2025-02-07,87.0,O:PYPL250207P00087000,2.4,7.79,5.390000000000001,0.6673951574117954,3.0435488024883117,-237.6153645076516,2025-02-03,2025-02-05
PYPL,2024-10-29,put,2024-11-01,78.0,O:PYPL241101P00078000,1.36,0.78,-0.5800000000000001,0.42417150791570957,0.34330123139157465,8.087027652413493,2024-10-28,2024-10-30
PYPL,2024-10-29,call,2024-11-01,78.0,O:PYPL241101C00078000,7.0,1.0,-6.0,2.147403684168477,0.4295598652363572,171.784381893212,2024-10-28,2024-10-30
PYPL,2024-07-30,call,2024-08-02,60.0,O:PYPL240802C00060000,1.96,5.9,3.9400000000000004,0.7760379442377995,3.3340882994088243,-255.80503551710248,2024-07-29,2024-07-31
PYPL,2024-07-30,put,2024-08-02,60.0,O:PYPL240802P00060000,2.96,0.03,-2.93,1.1889028136275013,0.021250892082177814,116.76519215453234,2024-07-29,2024-07-31
PYPL,2024-04-30,call,2024-05-03,65.0,O:PYPL240503C00065000,4.31,1.57,-2.7399999999999993,1.5833837311209908,0.8135018431028139,76.98818880181769,2024-04-29,2024-05-01
PYPL,2024-04-30,put,2024-05-03,65.0,O:PYPL240503P00065000,2.3,0.32,-1.9799999999999998,0.8543289889585126,0.17133132867012632,68.29976602883863,2024-04-29,2024-05-01
PYPL,2023-11-01,call,2023-11-03,56.0,O:PYPL231103C00056000,0.82,0.23,-0.59,0.3992549206164253,0.19340375288394515,20.585116773248018,2023-10-31,2023-11-02
PYPL,2023-11-01,put,2023-11-03,56.0,O:PYPL231103P00056000,4.98,1.18,-3.8000000000000007,2.470099151420517,1.0125553369985003,145.75438144220166,2023-10-31,2023-11-02
PYPL,2022-02-01,call,2022-02-04,180.0,O:PYPL220204C00180000,2.86,0.03,-2.83,0.3739833730476437,,,2022-01-31,2022-02-02
PYPL,2022-02-01,put,2022-02-04,180.0,O:PYPL220204P00180000,10.82,46.87,36.05,1.447661680146791,,,2022-01-31,2022-02-02
BA,2025-01-28,put,2025-03-21,95.0,O:BA250321P00095000,0.07,0.06,-0.010000000000000009,0.02046333610516755,0.01925351249504882,0.12098236101187321,2025-01-27,2025-01-29
BA,2024-07-31,call,2024-08-02,79.0,O:BABA240802C00079000,0.55,0.21,-0.3400000000000001,0.18679693875797654,0.12400129580306404,6.27956429549125,2024-07-30,2024-08-01
BA,2024-07-31,put,2024-08-02,79.0,O:BABA240802P00079000,1.54,1.22,-0.32000000000000006,0.5448044499895299,0.7429255890619222,-19.812113907239226,2024-07-30,2024-08-01
BA,2024-01-31,call,2024-02-02,84.0,O:BABA240202C00084000,0.01,0.01,0.0,,,,2024-01-30,2024-02-01
BA,2023-01-25,call,2023-01-27,115.0,O:BABA230127C00115000,4.8,5.65,0.8500000000000005,1.149101778984471,2.3511731259105484,-120.20713469260772,2023-01-24,2023-01-26
CAT,2025-04-30,call,2025-05-02,305.0,O:CAT250502C00305000,9.35,9.29,-0.0600000000000005,0.8422786046871577,1.4558234786475182,-61.35448739603605,2025-04-29,2025-05-01
CAT,2025-04-30,put,2025-05-02,305.0,O:CAT250502P00305000,6.85,0.4,-6.449999999999999,0.6268408745177115,0.06603788788646567,56.08029866312458,2025-04-29,2025-05-01
CAT,2024-10-30,call,2024-11-01,380.0,O:CAT241101C00380000,13.2,0.05,-13.149999999999999,0.9552345566684927,,,2024-10-29,2024-11-01
CAT,2024-10-30,put,2024-11-01,380.0,O:CAT241101P00380000,6.65,0.41,-6.24,0.4896532899607,,,2024-10-29,2024-11-01
CAT,2023-10-31,call,2023-11-03,242.5,O:CAT231103C00242500,6.15,0.09,-6.0600000000000005,0.6009356225799674,0.006970417651148073,59.39652049288193,2023-10-30,2023-11-01
CAT,2023-10-31,put,2023-11-03,242.5,O:CAT231103P00242500,6.14,10.2,4.06,0.6130748176446875,1.4298234495789557,-81.67486319342682,2023-10-30,2023-11-01
CAT,2023-08-01,call,2023-08-04,250.0,O:CAT230804C00250000,15.77,37.9,22.13,1.505823401897654,,,2023-07-31,2023-08-02
CAT,2023-08-01,put,2023-08-04,250.0,O:CAT230804P00250000,1.06,0.03,-1.03,0.10798652753968337,0.007845629431198375,10.0140898108485,2023-07-31,2023-08-02
CAT,2023-01-31,call,2023-02-03,250.0,O:CAT230203C00250000,14.08,1.98,-12.1,1.3434616408074431,0.2635686615874348,107.98929792200083,2023-01-30,2023-02-01
CAT,2023-01-31,put,2023-02-03,250.0,O:CAT230203P00250000,2.24,2.62,0.3799999999999999,0.2211049275336355,0.3595598236858493,-13.845489615221382,2023-01-30,2023-02-01
CAT,2025-04-30,call,2025-05-02,305.0,O:CAT250502C00305000,9.35,9.29,-0.0600000000000005,0.8422786046871577,1.4558234786475182,-61.35448739603605,2025-04-29,2025-05-01
CAT,2025-04-30,put,2025-05-02,305.0,O:CAT250502P00305000,6.85,0.4,-6.449999999999999,0.6268408745177115,0.06603788788646567,56.08029866312458,2025-04-29,2025-05-01
CAT,2024-10-30,call,2024-11-01,380.0,O:CAT241101C00380000,13.2,0.05,-13.149999999999999,0.9552345566684927,,,2024-10-29,2024-11-01
CAT,2024-10-30,put,2024-11-01,380.0,O:CAT241101P00380000,6.65,0.41,-6.24,0.4896532899607,,,2024-10-29,2024-11-01
CAT,2023-10-31,call,2023-11-03,242.5,O:CAT231103C00242500,6.15,0.09,-6.0600000000000005,0.6009356225799674,0.006970417651148073,59.39652049288193,2023-10-30,2023-11-01
CAT,2023-10-31,put,2023-11-03,242.5,O:CAT231103P00242500,6.14,10.2,4.06,0.6130748176446875,1.4298234495789557,-81.67486319342682,2023-10-30,2023-11-01
CAT,2023-08-01,call,2023-08-04,250.0,O:CAT230804C00250000,15.77,37.9,22.13,1.505823401897654,,,2023-07-31,2023-08-02
CAT,2023-08-01,put,2023-08-04,250.0,O:CAT230804P00250000,1.06,0.03,-1.03,0.10798652753968337,0.007845629431198375,10.0140898108485,2023-07-31,2023-08-02
CAT,2023-01-31,call,2023-02-03,250.0,O:CAT230203C00250000,14.08,1.98,-12.1,1.3434616408074431,0.2635686615874348,107.98929792200083,2023-01-30,2023-02-01
CAT,2023-01-31,put,2023-02-03,250.0,O:CAT230203P00250000,2.24,2.62,0.3799999999999999,0.2211049275336355,0.3595598236858493,-13.845489615221382,2023-01-30,2023-02-01
GE,2025-10-21,call,2025-10-24,300.0,O:GE251024C00300000,9.48,2.3,-7.180000000000001,0.7504691114422776,0.25498767035943676,49.548144108284085,2025-10-20,2025-10-22
GE,2025-10-21,put,2025-10-24,300.0,O:GE251024P00300000,6.45,4.2,-2.25,0.521547164658142,0.47879198657266736,4.275517808547463,2025-10-20,2025-10-22
GE,2025-04-22,call,2025-04-25,170.0,O:GE250425C00170000,11.03,25.3,14.270000000000001,1.5491301830912414,,,2025-04-21,2025-04-23
GE,2025-04-22,put,2025-04-25,170.0,O:GE250425P00170000,2.72,0.02,-2.7,0.3897695347564863,0.00775644831460868,38.20130864418776,2025-04-21,2025-04-23
GE,2024-01-23,call,2024-03-15,105.0,O:GE240315C00105000,28.0,23.9,-4.100000000000001,1.7695011342943614,1.5287149538517344,24.0786180442627,2024-01-22,2024-01-24
GE,2023-10-24,call,2023-11-03,93.0,O:GE231103C00093000,15.05,20.15,5.099999999999998,2.3435788516559564,3.4942817148005094,-115.0702863144553,2023-10-23,2023-10-25
GE,2023-04-25,put,2023-04-28,86.0,O:GE230428P00086000,0.05,0.02,-0.030000000000000002,0.019797260966746277,0.011946033550889246,0.7851227415857032,2023-04-24,2023-04-26
GE,2023-01-24,put,2023-01-27,67.0,O:GE230127P00067000,0.09,0.01,-0.08,0.038376884839989724,0.008937999243136398,2.9438885596853326,2023-01-23,2023-01-25
GE,2022-10-25,put,2022-10-28,65.0,O:GE221028P00065000,0.18,0.01,-0.16999999999999998,0.0726980762328635,0.009107185768252948,6.359089046461055,2022-10-24,2022-10-26
GE,2022-07-26,call,2022-07-29,63.0,O:GE220729C00063000,6.25,7.7,1.4500000000000002,2.3756425494957565,4.150970925840926,-177.53283763451694,2022-07-25,2022-07-27
GE,2022-07-26,put,2022-07-29,63.0,O:GE220729P00063000,0.67,0.02,-0.65,0.26123382889643815,0.014933947952209538,24.62998809442286,2022-07-25,2022-07-27
GE,2022-04-26,call,2022-04-29,85.0,O:GE220429C00085000,5.89,0.03,-5.859999999999999,1.6551696833514156,0.006249398907849312,164.8920284443566,2022-04-25,2022-04-27
GE,2022-04-26,put,2022-04-29,85.0,O:GE220429P00085000,1.2,6.81,5.609999999999999,0.3446721846721267,2.722607025487094,-237.79348408149676,2022-04-25,2022-04-27
GE,2022-01-25,call,2022-01-28,88.0,O:GE220128C00088000,7.65,2.22,-5.43,2.079645078078283,0.8498735174772634,122.97715606010198,2022-01-24,2022-01-26
GE,2022-01-25,put,2022-01-28,88.0,O:GE220128P00088000,0.7,0.94,0.24,0.19701417308629826,0.3663958373503939,-16.938166426409563,2022-01-24,2022-01-26
HON,2025-04-29,call,2025-05-02,200.0,O:HON250502C00200000,5.5,8.72,3.2200000000000006,0.6522005788868952,1.4727007848590612,-82.0500205972166,2025-04-28,2025-04-30
HON,2025-04-29,put,2025-05-02,200.0,O:HON250502P00200000,4.7,0.16,-4.54,0.5694711065916205,0.031515506456895666,53.795560013472475,2025-04-28,2025-04-30
HON,2024-02-01,call,2024-02-02,200.0,O:HON240202C00200000,4.8,0.03,-4.77,0.8082890843596227,,,2024-01-31,2024-02-02
HON,2024-02-01,put,2024-02-02,200.0,O:HON240202P00200000,2.3,3.84,1.54,0.3941095248020124,,,2024-01-31,2024-02-02
UPS,2025-10-28,put,2025-10-31,75.0,O:UPS251031P00075000,0.1,0.01,-0.09000000000000001,0.03813632391075638,0.008346977598937039,2.978934631181934,2025-10-27,2025-10-29
UPS,2025-07-29,call,2025-08-15,87.5,O:UPST250815C00087500,6.1,8.4,2.3000000000000007,0.7748337871900215,1.1401302949554066,-36.52965077653852,2025-07-28,2025-07-30
UPS,2025-07-29,put,2025-09-19,87.5,O:UPST250919P00087500,13.9,14.51,0.6099999999999994,1.0800558545511973,1.1479210286451869,-6.786517409398951,2025-07-28,2025-07-30
UPS,2025-04-29,put,2025-05-02,80.0,O:UPS250502P00080000,0.11,0.01,-0.1,0.0391434881961872,0.008034402663014773,3.110908553317243,2025-04-28,2025-04-30
UPS,2024-07-23,call,2025-01-17,100.0,O:UPS250117C00100000,45.0,29.75,-15.25,1.6780349932531071,1.0634952579814785,61.453973527162866,2024-07-22,2024-07-24
UPS,2024-07-23,put,2024-07-26,100.0,O:UPS240726P00100000,0.01,0.01,0.0,0.007111445811024228,0.007079406618913641,0.0032039192110587186,2024-07-22,2024-07-24
UPS,2023-04-25,put,2023-04-28,155.0,O:UPS230428P00155000,0.01,0.01,0.0,0.005936471052806109,0.00565372199857831,0.0282749054227799,2023-04-24,2023-04-26
UPS,2023-01-31,call,2023-02-03,31.5,O:UPST230203C00031500,0.05,0.01,-0.04,0.031016870685474568,0.004735901271535683,2.6280969413938884,2023-01-30,2023-02-01
UPS,2022-07-26,call,2022-08-19,60.0,O:UPST220819C00060000,0.06,0.07,0.010000000000000009,,,,2022-07-25,2022-07-27
UPS,2022-07-26,put,2022-07-29,60.0,O:UPST220729P00060000,35.17,35.2,0.030000000000001137,,,,2022-07-25,2022-07-27
UPS,2022-04-26,put,2022-04-29,135.0,O:UPS220429P00135000,0.13,0.01,-0.12000000000000001,0.029155585382649164,0.006049187166778885,2.310639821587028,2022-04-25,2022-04-27
UPS,2022-02-01,put,2022-02-04,150.0,O:UPS220204P00150000,0.05,0.01,-0.04,0.013544895140931209,0.00574365723100582,0.7801237909925389,2022-01-31,2022-02-02
UPS,2025-10-28,put,2025-10-31,75.0,O:UPS251031P00075000,0.1,0.01,-0.09000000000000001,0.03813632391075638,0.008346977598937039,2.978934631181934,2025-10-27,2025-10-29
UPS,2025-07-29,call,2025-08-15,87.5,O:UPST250815C00087500,6.1,8.4,2.3000000000000007,0.7748337871900215,1.1401302949554066,-36.52965077653852,2025-07-28,2025-07-30
UPS,2025-07-29,put,2025-09-19,87.5,O:UPST250919P00087500,13.9,14.51,0.6099999999999994,1.0800558545511973,1.1479210286451869,-6.786517409398951,2025-07-28,2025-07-30
UPS,2025-04-29,put,2025-05-02,80.0,O:UPS250502P00080000,0.11,0.01,-0.1,0.0391434881961872,0.008034402663014773,3.110908553317243,2025-04-28,2025-04-30
UPS,2024-07-23,call,2025-01-17,100.0,O:UPS250117C00100000,45.0,29.75,-15.25,1.6780349932531071,1.0634952579814785,61.453973527162866,2024-07-22,2024-07-24
UPS,2024-07-23,put,2024-07-26,100.0,O:UPS240726P00100000,0.01,0.01,0.0,0.007111445811024228,0.007079406618913641,0.0032039192110587186,2024-07-22,2024-07-24
UPS,2023-04-25,put,2023-04-28,155.0,O:UPS230428P00155000,0.01,0.01,0.0,0.005936471052806109,0.00565372199857831,0.0282749054227799,2023-04-24,2023-04-26
UPS,2023-01-31,call,2023-02-03,31.5,O:UPST230203C00031500,0.05,0.01,-0.04,0.031016870685474568,0.004735901271535683,2.6280969413938884,2023-01-30,2023-02-01
UPS,2022-07-26,call,2022-08-19,60.0,O:UPST220819C00060000,0.06,0.07,0.010000000000000009,,,,2022-07-25,2022-07-27
UPS,2022-07-26,put,2022-07-29,60.0,O:UPST220729P00060000,35.17,35.2,0.030000000000001137,,,,2022-07-25,2022-07-27
UPS,2022-04-26,put,2022-04-29,135.0,O:UPS220429P00135000,0.13,0.01,-0.12000000000000001,0.029155585382649164,0.006049187166778885,2.310639821587028,2022-04-25,2022-04-27
UPS,2022-02-01,put,2022-02-04,150.0,O:UPS220204P00150000,0.05,0.01,-0.04,0.013544895140931209,0.00574365723100582,0.7801237909925389,2022-01-31,2022-02-02
LMT,2025-10-21,call,2025-10-24,500.0,O:LMT251024C00500000,15.35,0.64,-14.709999999999999,0.7288964233174654,0.03853385021522493,69.03625731022404,2025-10-20,2025-10-22
LMT,2025-10-21,put,2025-10-24,500.0,O:LMT251024P00500000,9.42,15.1,5.68,0.4578126380754527,1.0276729281573445,-56.98602900818918,2025-10-20,2025-10-22
LMT,2025-07-22,call,2025-07-25,465.0,O:LMT250725C00465000,7.9,0.05,-7.8500000000000005,0.4003459872581102,,,2025-07-21,2025-07-23
LMT,2025-07-22,put,2025-07-25,465.0,O:LMT250725P00465000,10.77,46.0,35.230000000000004,0.5613547379066164,3.3636208094685105,-280.2266071561894,2025-07-21,2025-07-23
LMT,2025-04-22,call,2025-04-25,460.0,O:LMT250425C00460000,11.05,6.5,-4.550000000000001,0.5688467339548361,0.4739311137482031,9.491562020663297,2025-04-21,2025-04-23
LMT,2025-04-22,put,2025-04-25,460.0,O:LMT250425P00460000,13.9,3.07,-10.83,0.7304588886259428,0.23063939144007387,49.98194971858689,2025-04-21,2025-04-23
LMT,2025-01-28,call,2025-01-31,500.0,O:LMT250131C00500000,12.9,0.05,-12.85,0.6114600393200319,,,2025-01-27,2025-01-29
LMT,2025-01-28,put,2025-01-31,500.0,O:LMT250131P00500000,9.5,42.69,33.19,0.4616461712496597,2.9017973143790945,-244.01511431294347,2025-01-27,2025-01-29
LMT,2024-10-22,call,2024-10-25,602.5,O:LMT241025C00602500,18.87,0.05,-18.82,0.7437455753865743,,,2024-10-21,2024-10-23
LMT,2024-07-23,call,2024-07-26,475.0,O:LMT240726C00475000,7.13,40.9,33.769999999999996,0.35293963611995866,2.9171714822944685,-256.423184617451,2024-07-22,2024-07-24
LMT,2024-07-23,put,2024-07-26,475.0,O:LMT240726P00475000,7.45,0.05,-7.4,0.3822037918659972,0.007282979333180973,37.492081253281626,2024-07-22,2024-07-24
LMT,2024-04-23,put,2024-04-26,457.5,O:LMT240426P00457500,5.92,1.95,-3.9699999999999998,0.31645586277827925,0.14894601596255427,16.750984681572497,2024-04-22,2024-04-24
LMT,2024-04-23,call,2024-04-26,457.5,O:LMT240426C00457500,10.37,4.65,-5.719999999999999,0.5363762244192685,0.3395752875471994,19.680093687206906,2024-04-22,2024-04-24
LMT,2024-01-23,call,2024-01-26,455.0,O:LMT240126C00455000,9.68,0.1,-9.58,0.5030236707402141,,,2024-01-22,2024-01-24
LMT,2024-01-23,put,2024-01-26,455.0,O:LMT240126P00455000,5.6,20.85,15.250000000000002,0.3013098640906937,1.557438520488023,-125.61286563973293,2024-01-22,2024-01-24
LMT,2023-10-17,call,2023-10-20,437.5,O:LMT231020C00437500,9.09,8.8,-0.28999999999999915,0.4911013319296496,0.6766388702048137,-18.553753827516413,2023-10-16,2023-10-18
LMT,2023-10-17,put,2023-10-20,437.5,O:LMT231020P00437500,5.83,0.5,-5.33,0.3256992931230407,0.04318574888128128,28.25135442417594,2023-10-16,2023-10-18
LMT,2023-07-18,call,2023-07-21,465.0,O:LMT230721C00465000,10.9,0.35,-10.55,0.5549274257214724,0.020519924535516557,53.44075011859558,2023-07-17,2023-07-19
LMT,2023-07-18,put,2023-07-21,465.0,O:LMT230721P00465000,4.8,13.96,9.16,0.25375071866321075,1.021623405033925,-76.78726863707142,2023-07-17,2023-07-19
LMT,2023-04-18,call,2023-04-21,485.0,O:LMT230421C00485000,9.5,13.2,3.6999999999999993,0.4626005736273632,0.9172797880820242,-45.4679214454661,2023-04-17,2023-04-19
LMT,2023-04-18,put,2023-04-21,485.0,O:LMT230421P00485000,4.9,0.4,-4.5,0.24849214779279533,0.03235910825396522,21.613303953883012,2023-04-17,2023-04-19
LMT,2023-01-24,call,2023-01-27,445.0,O:LMT230127C00445000,6.1,10.3,4.200000000000001,0.3217308443278691,0.7793558732224225,-45.76250288945534,2023-01-23,2023-01-25
LMT,2023-01-24,put,2023-01-27,445.0,O:LMT230127P00445000,9.11,0.69,-8.42,0.496913234743765,0.057032088328800364,43.98811464149646,2023-01-23,2023-01-25
LMT,2022-01-25,call,2022-01-28,360.0,O:LMT220128C00360000,16.8,31.2,14.399999999999999,1.1117723991244606,2.9362966094525884,-182.4524210328128,2022-01-24,2022-01-26
LMT,2022-01-25,put,2022-01-28,360.0,O:LMT220128P00360000,3.8,0.19,-3.61,0.2593323875583429,0.022205405794587303,23.712698176375564,2022-01-24,2022-01-26
RTX,2025-10-21,call,2025-10-24,160.0,O:RTX251024C00160000,4.28,17.83,13.549999999999997,0.6342264789699232,3.781761304421809,-314.7534825451886,2025-10-20,2025-10-22
RTX,2025-10-21,put,2025-10-24,160.0,O:RTX251024P00160000,3.45,0.05,-3.4000000000000004,0.5230447427315772,0.01476065347738856,50.82840892541887,2025-10-20,2025-10-22
RTX,2025-07-22,call,2025-07-25,146.0,O:RTX250725C00146000,7.2,10.3,3.1000000000000005,1.175318947582915,2.3877327724926705,-121.24138249097554,2025-07-21,2025-07-23
RTX,2025-07-22,put,2025-07-25,146.0,O:RTX250725P00146000,0.92,0.02,-0.9,0.1573996028716434,0.008483258595802224,14.891634427584115,2025-07-21,2025-07-23
RTX,2025-04-22,call,2025-04-25,126.0,O:RTX250425C00126000,3.35,0.07,-3.2800000000000002,0.630327405765463,0.013678762323355851,61.66486434421071,2025-04-21,2025-04-23
RTX,2025-04-22,put,2025-04-25,126.0,O:RTX250425P00126000,3.27,5.9,2.6300000000000003,0.6282394496291872,1.5914049103527845,-96.31654607235973,2025-04-21,2025-04-23
RTX,2025-01-28,call,2025-01-31,125.0,O:RTX250131C00125000,2.72,1.0,-1.7200000000000002,0.5146512698565602,0.26627844206332185,24.837282779323832,2025-01-27,2025-01-29
RTX,2025-01-28,put,2025-01-31,125.0,O:RTX250131P00125000,2.75,0.8,-1.95,0.5335278679284495,0.22136112086745396,31.216674706099557,2025-01-27,2025-01-29
RTX,2024-10-22,call,2024-10-25,123.0,O:RTX241025C00123000,4.34,4.4,0.0600000000000005,0.8387965511268061,1.2072711816186688,-36.84746304918627,2024-10-21,2024-10-23
RTX,2024-10-22,put,2024-10-25,123.0,O:RTX241025P00123000,1.51,0.05,-1.46,0.30056071808859913,0.018027317292621164,28.2533400795978,2024-10-21,2024-10-23
RTX,2024-04-23,call,2024-04-26,100.0,O:RTX240426C00100000,3.01,1.21,-1.7999999999999998,0.714515131101014,0.40515415254497217,30.936097855604178,2024-04-22,2024-04-24
RTX,2024-04-23,put,2024-04-26,100.0,O:RTX240426P00100000,1.48,0.22,-1.26,0.36101987172919986,0.07906032708372923,28.195954464547064,2024-04-22,2024-04-24
RTX,2024-01-23,call,2024-01-26,85.0,O:RTX240126C00085000,2.05,4.56,2.51,0.5711449532441334,1.8136007215380154,-124.2455768293882,2024-01-22,2024-01-24
RTX,2024-01-23,put,2024-01-26,85.0,O:RTX240126P00085000,1.89,0.02,-1.8699999999999999,0.5391659091792572,0.01204321188685389,52.71226972924033,2024-01-22,2024-01-24
RTX,2023-10-24,put,2023-10-27,75.0,O:RTX231027P00075000,2.74,0.04,-2.7,0.8818709607858554,0.022396166908809315,85.9474793877046,2023-10-23,2023-10-25
RTX,2023-10-24,call,2023-10-27,75.0,O:RTX231027C00075000,1.08,3.16,2.08,0.338312791531836,1.4229571741714802,-108.46443826396441,2023-10-23,2023-10-25
RTX,2023-07-25,call,2023-07-28,96.0,O:RTX230728C00096000,2.0,0.02,-1.98,0.4924476774993608,,,2023-07-24,2023-07-26
RTX,2023-07-25,put,2023-07-28,96.0,O:RTX230728P00096000,0.89,9.75,8.86,0.2285522600237313,3.453668838948378,-322.51165789246465,2023-07-24,2023-07-26
RTX,2023-04-25,call,2023-04-28,102.0,O:RTX230428C00102000,1.84,0.02,-1.82,0.4255017776431722,,,2023-04-24,2023-04-26
RTX,2023-04-25,put,2023-04-28,102.0,O:RTX230428P00102000,1.27,4.2,2.93,0.30474271429405214,1.3997965842951274,-109.50538700010752,2023-04-24,2023-04-26
RTX,2023-01-24,call,2023-01-27,96.0,O:RTX230127C00096000,1.73,4.0,2.27,0.4250613577271322,1.4071306787478814,-98.20693210207492,2023-01-23,2023-01-25
RTX,2023-01-24,put,2023-01-27,96.0,O:RTX230127P00096000,1.37,0.07,-1.3,0.3483421857512413,0.029098585496933324,31.924360025430797,2023-01-23,2023-01-25
RTX,2022-10-25,call,2022-10-28,90.0,O:RTX221028C00090000,1.64,1.21,-0.42999999999999994,0.429886411227236,0.45069431070035243,-2.0807899473116453,2022-10-24,2022-10-26
RTX,2022-10-25,put,2022-10-28,90.0,O:RTX221028P00090000,1.75,0.55,-1.2,0.4722949513534548,0.21157548268840687,26.071946866504792,2022-10-24,2022-10-26
RTX,2022-07-26,call,2022-07-29,95.0,O:RTX220729C00095000,1.43,0.03,-1.4,0.3539483864378387,0.00465871547193081,34.92896709659079,2022-07-25,2022-07-27
RTX,2022-07-26,put,2022-07-29,95.0,O:RTX220729P00095000,1.86,4.65,2.79,0.47551763135411684,1.6634010961851369,-118.78834648310202,2022-07-25,2022-07-27
RTX,2022-04-26,call,2022-04-29,100.0,O:RTX220429C00100000,1.75,0.54,-1.21,0.41258285682745427,0.178207674963864,23.43751818635903,2022-04-25,2022-04-27
RTX,2022-04-26,put,2022-04-29,100.0,O:RTX220429P00100000,2.31,1.75,-0.56,0.5598860714588022,0.5973540573772332,-3.7467985918431035,2022-04-25,2022-04-27
RTX,2022-01-25,call,2022-01-28,87.0,O:RTX220128C00087000,2.54,3.3,0.7599999999999998,0.6928337243311204,1.2804576458833548,-58.76239215522343,2022-01-24,2022-01-26
RTX,2022-01-25,put,2022-01-28,87.0,O:RTX220128P00087000,1.58,0.5,-1.08,0.44154230914799286,0.19924593693391945,24.22963722140734,2022-01-24,2022-01-26
NKE,2025-09-30,call,2025-10-03,71.0,O:NKE251003C00071000,2.35,3.3,0.9499999999999997,0.786391902582792,1.5703555779860596,-78.39636754032676,2025-09-29,2025-10-01
NKE,2025-09-30,put,2025-10-03,71.0,O:NKE251003P00071000,3.83,0.11,-3.72,1.2995607849985498,0.056989120969025954,124.2571664029524,2025-09-29,2025-10-01
NKE,2024-10-01,call,2024-10-04,86.0,O:NKE241004C00086000,4.56,0.06,-4.5,1.2643162073413237,0.01862306109994238,124.56931462413814,2024-09-30,2024-10-02
NKE,2024-10-01,put,2024-10-04,86.0,O:NKE241004P00086000,2.05,3.0,0.9500000000000002,0.5775516147550007,1.1864323447086285,-60.888072995362776,2024-09-30,2024-10-02
MCD,2025-05-01,call,2025-05-02,310.0,O:MCD250502C00310000,12.23,2.22,-10.01,1.332015999337802,,,2025-04-30,2025-05-02
MCD,2025-05-01,put,2025-05-02,310.0,O:MCD250502P00310000,2.0,0.01,-1.99,0.22310941327280992,,,2025-04-30,2025-05-02
MCD,2024-10-29,call,2024-11-01,290.0,O:MCD241101C00290000,9.8,3.22,-6.58,0.8030409817906295,0.3713985902048961,43.164239158573345,2024-10-28,2024-10-30
MCD,2024-10-29,put,2024-11-01,290.0,O:MCD241101P00290000,2.35,1.33,-1.02,0.20058198820508052,0.1599193760269591,4.0662612178121424,2024-10-28,2024-10-30
MCD,2024-04-30,call,2024-05-03,272.5,O:MCD240503C00272500,5.0,3.3,-1.7000000000000002,0.43291486340583507,0.40549598557435684,2.7418877831478228,2024-04-29,2024-05-01
MCD,2024-04-30,put,2024-05-03,272.5,O:MCD240503P00272500,3.71,0.83,-2.88,0.33262221440751816,0.10773095083315304,22.48912635743651,2024-04-29,2024-05-01
MCD,2023-04-25,call,2023-04-28,285.0,O:MCD230428C00285000,9.15,5.5,-3.6500000000000004,0.7625804984834872,0.6489930272432057,11.358747124028145,2023-04-24,2023-04-26
MCD,2023-04-25,put,2023-04-28,285.0,O:MCD230428P00285000,1.02,0.33,-0.69,0.09213156081509341,0.04369688442570396,4.843467638938946,2023-04-24,2023-04-26
MCD,2023-01-31,call,2023-02-03,265.0,O:MCD230203C00265000,8.0,2.17,-5.83,0.7166406432633667,0.27266942359109375,44.3971219672273,2023-01-30,2023-02-01
MCD,2023-01-31,put,2023-02-03,265.0,O:MCD230203P00265000,2.05,0.94,-1.1099999999999999,0.19177398434159507,0.12471739472267275,6.705658961892231,2023-01-30,2023-02-01
MCD,2022-07-26,call,2022-07-29,245.0,O:MCD220729C00245000,7.58,10.4,2.8200000000000003,0.7346197009425615,1.4336622515440542,-69.90425506014928,2022-07-25,2022-07-27
MCD,2022-07-26,put,2022-07-29,245.0,O:MCD220729P00245000,2.02,0.07,-1.95,0.2039711873607609,0.013822523173437939,19.014866418732296,2022-07-25,2022-07-27
SBUX,2025-07-29,call,2025-08-01,93.0,O:SBUX250801C00093000,3.55,1.0,-2.55,0.9080286909314514,0.3595175884217743,54.851110250967714,2025-07-28,2025-07-30
SBUX,2025-07-29,put,2025-08-01,93.0,O:SBUX250801P00093000,2.71,1.28,-1.43,0.7046301379025782,0.47077888134636825,23.385125655620996,2025-07-28,2025-07-30
SBUX,2025-04-29,call,2025-05-02,85.0,O:SBUX250502C00085000,2.76,0.08,-2.6799999999999997,0.7713376912241926,0.026982966259967333,74.43547249642253,2025-04-28,2025-04-30
SBUX,2025-04-29,put,2025-05-02,85.0,O:SBUX250502P00085000,3.56,5.0,1.44,1.010145201806804,1.9986520159799597,-98.85068141731557,2025-04-28,2025-04-30
SBUX,2025-01-28,call,2025-01-31,98.0,O:SBUX250131C00098000,4.57,10.49,5.92,1.110956347467921,3.631449303894475,-252.04929564265538,2025-01-27,2025-01-29
SBUX,2025-01-28,put,2025-01-31,98.0,O:SBUX250131P00098000,2.45,0.02,-2.43,0.6054161685665896,0.01092967136362293,59.44864972029668,2025-01-27,2025-01-29
SBUX,2024-10-30,call,2024-11-01,95.0,O:SBUX241101C00095000,3.85,3.87,0.020000000000000018,1.115517578933127,,,2024-10-29,2024-11-01
SBUX,2024-10-30,put,2024-11-01,95.0,O:SBUX241101P00095000,1.47,0.01,-1.46,0.4336016501788688,,,2024-10-29,2024-11-01
SBUX,2024-07-30,call,2024-08-02,76.0,O:SBUX240802C00076000,2.43,2.12,-0.31000000000000005,0.7594264630162553,0.9402637872096007,-18.08373241933454,2024-07-29,2024-07-31
SBUX,2024-07-30,put,2024-08-02,76.0,O:SBUX240802P00076000,3.2,0.13,-3.0700000000000003,1.0154917243756032,0.06246009818290534,95.30316261926978,2024-07-29,2024-07-31
SBUX,2024-04-30,put,2024-05-03,89.0,O:SBUX240503P00089000,3.21,14.3,11.09,0.8706997806080691,,,2024-04-29,2024-05-01
SBUX,2024-04-30,call,2024-05-03,89.0,O:SBUX240503C00089000,2.6,0.01,-2.5900000000000003,0.6932670777938561,,,2024-04-29,2024-05-01
SBUX,2024-01-30,call,2024-06-21,92.5,O:SBUX240621C00092500,6.85,5.85,-1.0,0.2574602710752724,0.2154601174192714,4.200015365600102,2024-01-29,2024-01-31
SBUX,2024-01-30,put,2024-06-21,92.5,O:SBUX240621P00092500,4.8,4.4,-0.39999999999999947,0.24674677418964674,0.2302010576894665,1.6545716500180245,2024-01-29,2024-01-31
SBUX,2023-08-01,call,2023-08-04,100.0,O:SBUX230804C00100000,3.6,2.5,-1.1,0.8559494843473505,0.842172550663834,1.3776933683516512,2023-07-31,2023-08-02
SBUX,2023-08-01,put,2023-08-04,100.0,O:SBUX230804P00100000,1.94,0.22,-1.72,0.47123006815548585,0.07906032708372923,39.21697410717566,2023-07-31,2023-08-02
SBUX,2023-05-02,call,2023-05-05,110.0,O:SBUX230505C00110000,5.85,0.02,-5.83,1.268122332258589,,,2023-05-01,2023-05-03
SBUX,2023-05-02,put,2023-05-05,110.0,O:SBUX230505P00110000,1.22,5.89,4.67,0.27215842029091325,1.8194503221606675,-154.72919018697542,2023-05-01,2023-05-03
SBUX,2022-02-01,call,2022-02-04,100.0,O:SBUX220204C00100000,1.58,0.33,-1.25,0.37185377152830046,0.10705974935396871,26.479402217433172,2022-01-31,2022-02-02
SBUX,2022-02-01,put,2022-02-04,100.0,O:SBUX220204P00100000,3.4,2.59,-0.81,0.8211333863308522,0.8819512009392614,-6.081781460840919,2022-01-31,2022-02-02
COST,2023-09-26,call,2023-09-29,545.0,O:COST230929C00545000,16.5,14.0,-2.5,0.718715131447681,0.8654876128618013,-14.677248141412036,2023-09-25,2023-09-27
COST,2023-09-26,put,2023-09-29,545.0,O:COST230929P00545000,3.9,0.39,-3.51,0.17787885710247356,0.028635200841881717,14.924365626059183,2023-09-25,2023-09-27
COST,2023-06-01,call,2023-06-02,500.0,O:COST230602C00500000,13.0,12.28,-0.7200000000000006,0.8760573151515797,,,2023-05-31,2023-06-02
COST,2023-06-01,put,2023-06-02,500.0,O:COST230602P00500000,0.98,0.01,-0.97,0.07092220346948631,,,2023-05-31,2023-06-02
HD,2024-08-13,call,2024-08-16,340.0,O:HD240816C00340000,11.66,18.58,6.919999999999998,0.8150518360494154,1.8475459371732386,-103.24941011238231,2024-08-12,2024-08-14
HD,2024-08-13,put,2024-08-16,340.0,O:HD240816P00340000,5.84,0.13,-5.71,0.41795596155284986,0.017191104960085697,40.076485659276415,2024-08-12,2024-08-14
HD,2024-05-14,call,2024-05-17,330.0,O:HD240517C00330000,13.74,19.2,5.459999999999999,0.991106841003284,1.9675578280579593,-97.64509870546753,2024-05-13,2024-05-15
HD,2024-05-14,put,2024-05-17,330.0,O:HD240517P00330000,2.64,0.04,-2.6,0.19810329958577277,0.007891482832094801,19.0211816753678,2024-05-13,2024-05-15
HD,2023-08-15,call,2023-08-18,315.0,O:HD230818C00315000,16.4,19.03,2.6300000000000026,1.2412791369224205,2.043320333062791,-80.20411961403707,2023-08-14,2023-08-16
HD,2023-08-15,put,2023-08-18,315.0,O:HD230818P00315000,1.37,0.06,-1.31,0.11060518354036532,0.010440387367924839,10.016479617244048,2023-08-14,2023-08-16
HD,2023-05-16,call,2023-05-19,280.0,O:HD230519C00280000,12.06,11.95,-0.11000000000000121,1.025526588568903,1.441448952015244,-41.592236344634095,2023-05-15,2023-05-17
HD,2023-05-16,put,2023-05-19,280.0,O:HD230519P00280000,3.54,0.15,-3.39,0.3093396338850899,0.022477908023392234,28.686172586169768,2023-05-15,2023-05-17
LOW,2024-11-19,call,2024-11-22,265.0,O:LOW241122C00265000,8.8,1.2,-7.6000000000000005,0.7890037855534167,0.14867741952285726,64.03263660305593,2024-11-18,2024-11-20
LOW,2024-11-19,put,2024-11-22,265.0,O:LOW241122P00265000,2.34,2.7,0.3600000000000003,0.21799471526475445,0.3496921823341028,-13.169746706934838,2024-11-18,2024-11-20
LOW,2023-03-01,call,2023-03-03,200.0,O:LOW230303C00200000,8.57,0.08,-8.49,1.1798653268354464,0.015658666718084482,116.4206660117362,2023-02-28,2023-03-02
LOW,2023-03-01,put,2023-03-03,200.0,O:LOW230303P00200000,1.98,5.1,3.1199999999999997,0.2794309802330399,1.2247417843689492,-94.53108041359093,2023-02-28,2023-03-02
TGT,2025-03-04,call,2025-03-07,110.0,O:TGT250307C00110000,12.0,6.3,-5.7,2.6144181440852066,1.936688829269587,67.77293148156195,2025-03-03,2025-03-05
TGT,2025-03-04,put,2025-03-07,110.0,O:TGT250307P00110000,1.37,0.07,-1.3,0.3048281248990391,0.025926930074508667,27.89011948245304,2025-03-03,2025-03-05
TGT,2024-03-05,put,2024-03-08,141.0,O:TGT240308P00141000,1.98,0.04,-1.94,0.34287310467201165,0.013751378373012161,32.91217262989995,2024-03-04,2024-03-06
TGT,2023-08-16,call,2023-08-18,125.0,O:TGT230818C00125000,4.75,4.33,-0.41999999999999993,1.0455692112210797,1.656227208755062,-61.06579975339823,2023-08-15,2023-08-17
TGT,2023-08-16,put,2023-08-18,125.0,O:TGT230818P00125000,4.48,0.05,-4.430000000000001,0.9971457556468245,0.022283503338640643,97.48622523081839,2023-08-15,2023-08-17
TGT,2023-05-17,call,2023-05-26,143.0,O:TGT230526C00143000,17.05,14.18,-2.870000000000001,1.8031286162173392,1.674832876110646,12.829574010669331,2023-05-16,2023-05-18
TGT,2023-05-17,put,2023-05-19,143.0,O:TGT230519P00143000,1.06,0.01,-1.05,0.21062668007498164,0.00607392237903009,20.455275769595154,2023-05-16,2023-05-18
TGT,2023-02-28,call,2023-03-03,155.0,O:TGT230303C00155000,14.48,7.6,-6.880000000000001,2.236023840196944,1.6569865194163882,57.90373207805557,2023-02-27,2023-03-01
TGT,2023-02-28,put,2023-03-03,155.0,O:TGT230303P00155000,2.52,0.11,-2.41,0.3959523179789231,0.028433049608427352,36.751926837049574,2023-02-27,2023-03-01
TGT,2022-03-01,call,2022-03-04,195.0,O:TGT220304C00195000,10.25,29.35,19.1,1.2532949919496248,,,2022-02-28,2022-03-02
TGT,2022-03-01,put,2022-03-04,195.0,O:TGT220304P00195000,5.16,0.05,-5.11,0.6404414685047808,0.012790873683936188,62.76505948208446,2022-02-28,2022-03-02
WMT,2024-11-19,call,2025-02-21,82.5,O:WMT250221C00082500,5.8,7.15,1.3500000000000005,0.315008487351103,0.4013811925414743,-8.637270519037132,2024-11-18,2024-11-20
WMT,2024-11-19,put,2025-02-21,82.5,O:WMT250221P00082500,3.4,1.8,-1.5999999999999999,0.2345318956816721,0.13840245725137695,9.612943843029514,2024-11-18,2024-11-20
PG,2025-07-29,call,2025-08-01,155.0,O:PG250801C00155000,3.7,0.25,-3.45,0.565233849419682,0.04984867865717107,51.5385170762511,2025-07-28,2025-07-30
PG,2025-07-29,put,2025-08-01,155.0,O:PG250801P00155000,1.63,2.45,0.8200000000000003,0.25838779942345314,0.5399841737977622,-28.159637437430906,2025-07-28,2025-07-30
PG,2025-01-22,call,2025-01-24,165.0,O:PG250124C00165000,1.27,1.25,-0.020000000000000018,0.20712762785033292,0.35953651083957117,-15.240888298923824,2025-01-21,2025-01-23
PG,2025-01-22,put,2025-01-24,165.0,O:PG250124P00165000,5.02,0.48,-4.539999999999999,0.847242946832137,0.14257957386905126,70.46633729630857,2025-01-21,2025-01-23
PG,2024-07-30,call,2024-08-02,170.0,O:PG240802C00170000,2.47,0.03,-2.4400000000000004,0.34141320303705425,,,2024-07-29,2024-07-31
PG,2024-07-30,put,2024-08-02,170.0,O:PG240802P00170000,2.38,8.25,5.87,0.3418536263816115,1.6492193652056297,-130.73657388240184,2024-07-29,2024-07-31
PG,2024-01-23,call,2024-01-26,145.0,O:PG240126C00145000,4.12,7.65,3.5300000000000002,0.6741007957874333,1.783444898237302,-110.93441024498686,2024-01-22,2024-01-24
PG,2024-01-23,put,2024-01-26,145.0,O:PG240126P00145000,1.0,0.03,-0.97,0.17166261789379142,0.011030578068534464,16.063203982525696,2024-01-22,2024-01-24
PG,2023-10-18,call,2023-10-20,143.0,O:PG231020C00143000,4.06,4.8,0.7400000000000002,0.7796220399295182,1.6047646906155153,-82.51426506859971,2023-10-17,2023-10-19
PG,2023-10-18,put,2023-10-20,143.0,O:PG231020P00143000,1.2,0.15,-1.05,0.23770791987357215,0.053452761029150316,18.425515884442184,2023-10-17,2023-10-19
KO,2025-07-22,call,2025-08-15,40.0,O:KOLD250815C00040000,0.32,0.85,0.53,0.05890650564115185,0.19641590338461862,-13.750939774346676,2025-07-21,2025-07-23
KO,2025-07-22,put,2025-08-15,40.0,O:KOLD250815P00040000,13.35,10.56,-2.789999999999999,3.3199892123290575,2.707250648408274,61.273856392078365,2025-07-21,2025-07-23
KO,2025-04-29,call,2025-05-16,50.0,O:KO250516C00050000,21.7,22.6,0.9000000000000021,,,,2025-04-28,2025-04-30
KO,2024-07-23,call,2024-07-26,63.0,O:KO240726C00063000,1.91,2.81,0.9000000000000001,0.7197273529272498,1.5067274118983618,-78.7000058971112,2024-07-22,2024-07-24
KO,2024-07-23,put,2024-07-26,63.0,O:KO240726P00063000,0.18,0.01,-0.16999999999999998,0.0748089929734779,0.009286546954012672,6.552244601946524,2024-07-22,2024-07-24
KO,2024-04-30,call,2024-05-03,63.0,O:KO240503C00063000,0.27,0.04,-0.23,0.09594506080752681,0.016449707566411002,7.949535324111581,2024-04-29,2024-05-01
KO,2024-04-30,put,2024-05-03,63.0,O:KO240503P00063000,1.29,1.1,-0.18999999999999995,0.4970157945189693,0.5960097623862148,-9.899396786724552,2024-04-29,2024-05-01
KO,2024-02-13,call,2024-02-16,95.0,O:KOLD240216C00095000,55.5,72.48,16.980000000000004,,,,2024-02-12,2024-02-14
KO,2023-10-24,call,2023-10-27,54.0,O:KO231027C00054000,0.79,2.15,1.3599999999999999,0.3438141967288452,1.3443318189565419,-100.05176222276965,2023-10-23,2023-10-25
KO,2023-10-24,put,2023-10-27,54.0,O:KO231027P00054000,0.67,0.03,-0.64,0.3036988068189567,0.023158778851304834,28.054002796765186,2023-10-23,2023-10-25
KO,2023-07-26,call,2023-07-28,60.0,O:KO230728C00060000,2.35,2.54,0.18999999999999995,1.077870417088022,2.025108557962272,-94.72381408742498,2023-07-25,2023-07-27
KO,2023-07-26,put,2023-07-28,60.0,O:KO230728P00060000,0.05,0.02,-0.030000000000000002,0.028365198558781734,0.019064838586216108,0.9300359972565626,2023-07-25,2023-07-27
KO,2023-02-14,call,2023-02-17,57.5,O:KO230217C00057500,3.08,1.99,-1.09,1.2773256394666992,1.1678227819608946,10.950285750580457,2023-02-13,2023-02-15
KO,2023-02-14,put,2023-02-17,57.5,O:KO230217P00057500,0.12,0.02,-0.09999999999999999,0.05630198715311163,0.01599227531555079,4.030971183756084,2023-02-13,2023-02-15
KO,2022-10-25,put,2022-10-28,50.0,O:KO221028P00050000,0.02,0.01,-0.01,0.015251092357023936,0.01078316580204566,0.44679265549782754,2022-10-24,2022-10-26
KO,2022-07-26,put,2022-07-29,52.0,O:KO220729P00052000,0.02,0.01,-0.01,0.01485965405890105,0.010506412064164106,0.43532419947369444,2022-07-25,2022-07-27
PEP,2025-02-04,call,2025-02-07,146.0,O:PEP250207C00146000,6.0,0.8,-5.2,0.9781445294308033,0.18089913450842926,79.72453949223741,2025-02-03,2025-02-05
PEP,2025-02-04,put,2025-02-07,146.0,O:PEP250207P00146000,0.83,1.04,0.21000000000000008,0.1426257620202996,0.2458609371840127,-10.323517516371309,2025-02-03,2025-02-05
PEP,2024-10-08,call,2024-10-11,167.5,O:PEP241011C00167500,2.66,5.1,2.4399999999999995,0.37378471609447494,1.026785842216762,-65.3001126122287,2024-10-07,2024-10-09
PEP,2024-10-08,put,2024-10-11,167.5,O:PEP241011P00167500,2.8,0.05,-2.75,0.40693374075966354,0.014271101955056601,39.26626388046069,2024-10-07,2024-10-09
PEP,2024-04-23,call,2024-04-26,170.0,O:PEP240426C00170000,7.12,7.45,0.33000000000000007,0.9970066163723431,1.480282463588257,-48.327584721591386,2024-04-22,2024-04-24
PEP,2024-04-23,put,2024-04-26,170.0,O:PEP240426P00170000,0.47,0.03,-0.43999999999999995,0.07258941776222524,0.00993367254828882,6.265574521393642,2024-04-22,2024-04-24
PEP,2023-10-10,call,2023-10-13,160.0,O:PEP231013C00160000,3.75,3.05,-0.7000000000000002,0.5548469073601701,0.6410065476547206,-8.615964029455059,2023-10-09,2023-10-11
PEP,2023-10-10,put,2023-10-13,160.0,O:PEP231013P00160000,2.25,0.2,-2.05,0.3433509852129848,0.046826706552634705,29.65242786603501,2023-10-09,2023-10-11
PEP,2023-04-25,call,2023-04-28,180.0,O:PEP230428C00180000,5.85,8.6,2.75,0.772042726276497,1.6144225887563757,-84.23798624798788,2023-04-24,2023-04-26
PEP,2023-04-25,put,2023-04-28,180.0,O:PEP230428P00180000,0.33,0.04,-0.29000000000000004,0.05019789642091782,0.011578212924825962,3.8619683496091857,2023-04-24,2023-04-26
PEP,2022-10-12,call,2022-10-14,165.0,O:PEP221014C00165000,1.52,9.05,7.530000000000001,0.2490388976960368,2.6256060361995215,-237.65671385034847,2022-10-11,2022-10-13
PEP,2022-10-12,put,2022-10-14,165.0,O:PEP221014P00165000,3.9,0.04,-3.86,0.6594144126469341,0.014657309421315587,64.47571032256185,2022-10-11,2022-10-13
PEP,2022-07-12,call,2022-07-15,170.0,O:PEP220715C00170000,2.89,1.4,-1.4900000000000002,0.400603604493652,0.27424836997627466,12.635523451737734,2022-07-11,2022-07-13
PEP,2022-07-12,put,2022-07-15,170.0,O:PEP220715P00170000,2.22,1.08,-1.1400000000000001,0.3193052144991987,0.21976708700255485,9.953812749664385,2022-07-11,2022-07-13
PEP,2022-04-26,call,2022-04-29,170.0,O:PEP220429C00170000,4.85,6.65,1.8000000000000007,0.6768718038143086,1.3206917895296062,-64.38199857152976,2022-04-25,2022-04-27
PEP,2022-04-26,put,2022-04-29,170.0,O:PEP220429P00170000,1.15,0.28,-0.8699999999999999,0.16850314468784575,0.06030670654503962,10.819643814280614,2022-04-25,2022-04-27
JNJ,2025-10-14,call,2025-10-17,185.0,O:JNJ251017C00185000,6.95,6.29,-0.6600000000000001,0.8935344963783256,1.1471888574699058,-25.365436109158026,2025-10-13,2025-10-15
JNJ,2025-10-14,put,2025-10-17,185.0,O:JNJ251017P00185000,0.94,0.16,-0.7799999999999999,0.12815167636096453,0.033726509034464454,9.442516732650008,2025-10-13,2025-10-15
JNJ,2025-07-16,call,2025-07-18,150.0,O:JNJ250718C00150000,5.85,13.7,7.85,1.0732558203242668,4.3804631096127356,-330.7207289288469,2025-07-15,2025-07-17
JNJ,2025-07-16,put,2025-07-18,150.0,O:JNJ250718P00150000,0.42,0.05,-0.37,0.08299013273013109,0.019064838586219053,6.392529414391205,2025-07-15,2025-07-17
JNJ,2025-04-15,call,2025-04-17,150.0,O:JNJ250417C00150000,4.99,3.65,-1.3400000000000003,0.914540658980988,1.1622766124069224,-24.773595342593435,2025-04-14,2025-04-16
JNJ,2025-04-15,put,2025-04-17,150.0,O:JNJ250417P00150000,0.78,0.12,-0.66,0.14941676286560665,0.041511486314700224,10.790527655090642,2025-04-14,2025-04-16
JNJ,2025-01-22,call,2025-01-24,145.0,O:JNJ250124C00145000,3.9,1.77,-2.13,0.7382518563298769,0.5813533788777905,15.68984774520864,2025-01-21,2025-01-23
JNJ,2025-01-22,put,2025-01-24,145.0,O:JNJ250124P00145000,0.7,0.1,-0.6,0.1391125531670859,0.036214758508215074,10.289779465887083,2025-01-21,2025-01-23
JNJ,2024-10-15,call,2024-10-18,160.0,O:JNJ241018C00160000,3.1,5.1,1.9999999999999996,0.4575060731800115,1.0751594878219426,-61.7653414641931,2024-10-14,2024-10-16
JNJ,2024-10-15,put,2024-10-18,160.0,O:JNJ241018P00160000,1.43,0.06,-1.3699999999999999,0.2205658405110293,0.016936152748604636,20.362968776242464,2024-10-14,2024-10-16
JNJ,2024-07-17,call,2024-07-19,147.0,O:JNJ240719C00147000,4.7,9.45,4.749999999999999,0.8787291621359518,3.0788408853632356,-220.01117232272838,2024-07-16,2024-07-18
JNJ,2024-07-17,put,2024-07-19,147.0,O:JNJ240719P00147000,0.65,0.02,-0.63,0.12788320587823543,0.009435389008280368,11.844781686995507,2024-07-16,2024-07-18
JNJ,2024-04-16,put,2024-04-19,147.0,O:JNJ240419P00147000,1.8,2.75,0.95,0.2998054565034834,0.638259704155535,-33.84542476520516,2024-04-15,2024-04-17
JNJ,2024-04-16,call,2024-04-19,147.0,O:JNJ240419C00147000,2.44,0.15,-2.29,0.39098767618411584,0.029689373338814454,36.129830284530144,2024-04-15,2024-04-17
JNJ,2024-01-23,call,2024-01-26,160.0,O:JNJ240126C00160000,3.6,0.25,-3.35,0.5323826219974429,0.048136774047128156,48.42458479503148,2024-01-22,2024-01-24
JNJ,2024-01-23,put,2024-01-26,160.0,O:JNJ240126P00160000,0.92,1.18,0.2599999999999999,0.14418530603358964,0.254387058754484,-11.020175272089434,2024-01-22,2024-01-24
JNJ,2023-10-17,call,2023-10-20,155.0,O:JNJ231020C00155000,3.55,0.29,-3.26,0.5420445987756153,0.05860916408564434,48.3435434689971,2023-10-16,2023-10-18
JNJ,2023-10-17,put,2023-10-20,155.0,O:JNJ231020P00155000,0.99,2.56,1.57,0.1594540478003574,0.564024605843276,-40.457055804291855,2023-10-16,2023-10-18
JNJ,2023-04-18,call,2023-04-21,160.0,O:JNJ230421C00160000,6.14,2.82,-3.32,0.9128953363209539,0.5923087049429547,32.05866313779991,2023-04-17,2023-04-19
JNJ,2023-04-18,put,2023-04-21,160.0,O:JNJ230421P00160000,0.37,0.22,-0.15,0.06172536141998185,0.051072270520451206,1.0653090899530642,2023-04-17,2023-04-19
JNJ,2023-01-24,call,2023-01-27,165.0,O:JNJ230127C00165000,4.29,4.25,-0.040000000000000036,0.616252905680273,0.8678427045434202,-25.158979886314714,2023-01-23,2023-01-25
JNJ,2023-01-24,put,2023-01-27,165.0,O:JNJ230127P00165000,0.84,0.1,-0.74,0.12838726932435185,0.024889696244134896,10.349757308021696,2023-01-23,2023-01-25
JNJ,2022-01-25,call,2022-01-28,160.0,O:JNJ220128C00160000,4.57,7.8,3.2299999999999995,0.6776648250517229,1.647409280726606,-96.97444556748832,2022-01-24,2022-01-26
JNJ,2022-01-25,put,2022-01-28,160.0,O:JNJ220128P00160000,1.58,0.12,-1.46,0.24302738459931775,0.02980974848456737,21.321763611475035,2022-01-24,2022-01-26
PFE,2025-04-29,call,2025-05-02,23.0,O:PFE250502C00023000,0.48,1.42,0.94,0.4933158085481679,2.0883746170400657,-159.50588084918977,2025-04-28,2025-04-30
PFE,2025-04-29,put,2025-05-02,23.0,O:PFE250502P00023000,0.43,0.02,-0.41,0.4543541366737407,0.033886654400198724,42.0467482273542,2025-04-28,2025-04-30
PFE,2025-02-04,call,2025-02-07,26.0,O:PFE250207C00026000,0.67,0.53,-0.14,0.6107226784450427,0.6857972579740955,-7.507457952905283,2025-02-03,2025-02-05
PFE,2025-02-04,put,2025-02-07,26.0,O:PFE250207P00026000,0.44,0.06,-0.38,0.4118849914981996,0.08271141576552993,32.91735757326697,2025-02-03,2025-02-05
PFE,2024-10-29,call,2024-11-01,29.0,O:PFE241101C00029000,0.52,0.07,-0.45,0.42290988336973184,0.07702117866789182,34.588870470184006,2024-10-28,2024-10-30
PFE,2024-10-29,put,2024-11-01,29.0,O:PFE241101P00029000,0.62,0.49,-0.13,0.5186552975896473,0.5769116472892367,-5.825634969958937,2024-10-28,2024-10-30
PFE,2024-07-30,call,2024-08-02,30.0,O:PFE240802C00030000,1.21,0.64,-0.57,0.9598566783743417,0.7179390865528215,24.19175918215203,2024-07-29,2024-07-31
PFE,2024-07-30,put,2024-08-02,30.0,O:PFE240802P00030000,0.43,0.07,-0.36,0.3498395473525559,0.08358067357135243,26.62588737812035,2024-07-29,2024-07-31
PFE,2024-05-01,call,2024-05-03,27.0,O:PFE240503C00027000,0.16,0.73,0.57,0.15813333768122081,1.2918304688814193,-113.36971312001984,2024-04-30,2024-05-02
PFE,2024-05-01,put,2024-05-03,27.0,O:PFE240503P00027000,1.47,0.03,-1.44,1.5124895444755548,0.056433137035993314,145.60564074395614,2024-04-30,2024-05-02
PFE,2024-01-30,call,2024-02-02,29.0,O:PFE240202C00029000,0.14,0.01,-0.13,0.10894069360272204,0.0059187197214939724,10.302197388122806,2024-01-29,2024-01-31
PFE,2024-01-30,put,2024-02-02,29.0,O:PFE240202P00029000,1.57,1.76,0.18999999999999995,1.304224595141253,2.0620315166993604,-75.78069215581074,2024-01-29,2024-01-31
PFE,2023-10-31,put,2023-11-03,32.0,O:PFE231103P00032000,1.58,1.43,-0.15000000000000013,1.1899027214031286,1.5188798053699442,-32.89770839668156,2023-10-30,2023-11-01
PFE,2023-10-31,call,2023-11-03,32.0,O:PFE231103C00032000,0.16,0.02,-0.14,0.11307485709223229,0.0161049222973841,9.696993479484819,2023-10-30,2023-11-01
PFE,2023-08-01,call,2023-08-04,37.0,O:PFE230804C00037000,0.3,0.03,-0.27,0.18756789498281107,0.022517779125197836,16.505011585761324,2023-07-31,2023-08-02
PFE,2023-08-01,put,2023-08-04,37.0,O:PFE230804P00037000,1.28,1.64,0.3599999999999999,0.8353882517832295,1.5065606876079392,-67.11724358247096,2023-07-31,2023-08-02
PFE,2023-05-02,call,2023-05-05,39.5,O:PFE230505C00039500,0.53,0.05,-0.48000000000000004,0.3147796820257491,0.038051457292077574,27.672822473367148,2023-05-01,2023-05-03
PFE,2023-05-02,put,2023-05-05,39.5,O:PFE230505P00039500,0.8,1.13,0.32999999999999985,0.4916719916910462,0.9737050519580719,-48.20330602670257,2023-05-01,2023-05-03
PFE,2023-01-31,call,2023-02-03,44.5,O:PFE230203C00044500,0.64,0.12,-0.52,0.33788209102572136,0.08660996464701204,25.127212637870933,2023-01-30,2023-02-01
PFE,2023-01-31,put,2023-02-03,44.5,O:PFE230203P00044500,1.61,0.53,-1.08,0.8733937682031108,0.40800105438602136,46.53927138170894,2023-01-30,2023-02-01
PFE,2022-11-01,call,2022-11-04,45.5,O:PFE221104C00045500,1.62,1.54,-0.08000000000000007,0.8464647377183219,1.1419737955350402,-29.550905781671833,2022-10-31,2022-11-02
PFE,2022-11-01,put,2022-11-04,45.5,O:PFE221104P00045500,0.77,0.07,-0.7,0.41188499149819935,0.056621413910475836,35.526357758772356,2022-10-31,2022-11-02
PFE,2022-02-08,call,2022-02-11,52.5,O:PFE220211C00052500,2.25,0.16,-2.09,1.0203867815446312,0.09850666729478703,92.18801142498442,2022-02-07,2022-02-09
PFE,2022-02-08,put,2022-02-11,52.5,O:PFE220211P00052500,1.57,1.28,-0.29000000000000004,0.7229654591223046,0.8304787975968702,-10.751333847456557,2022-02-07,2022-02-09
MRK,2025-07-29,call,2025-08-01,83.0,O:MRK250801C00083000,2.64,0.36,-2.2800000000000002,0.7554364468986743,0.14220818094013007,61.322826595854416,2025-07-28,2025-07-30
MRK,2025-07-29,put,2025-08-01,83.0,O:MRK250801P00083000,1.54,1.59,0.050000000000000044,0.4509654288336816,0.6534755890671189,-20.251016023343727,2025-07-28,2025-07-30
MRK,2025-02-04,call,2025-02-07,99.0,O:MRK250207C00099000,2.99,0.05,-2.9400000000000004,0.7169604072750891,0.011894759930792408,70.50656473442967,2025-02-03,2025-02-05
MRK,2025-02-04,put,2025-02-07,99.0,O:MRK250207P00099000,2.17,9.25,7.08,0.5315915803627453,3.1763087772102714,-264.4717196847526,2025-02-03,2025-02-05
MRK,2024-10-31,call,2024-11-01,105.0,O:MRK241101C00105000,2.53,0.02,-2.51,0.8115160267704911,,,2024-10-30,2024-11-01
MRK,2024-10-31,put,2024-11-01,105.0,O:MRK241101P00105000,2.68,3.1,0.41999999999999993,0.8692038310785024,,,2024-10-30,2024-11-01
MRK,2024-07-30,call,2024-08-02,127.0,O:MRK240802C00127000,3.2,0.01,-3.1900000000000004,0.5970061768797773,,,2024-07-29,2024-07-31
MRK,2024-07-30,put,2024-08-02,127.0,O:MRK240802P00127000,2.28,14.2,11.92,0.4365548912118421,3.803906132569848,-336.73512413580056,2024-07-29,2024-07-31
MRK,2024-02-01,call,2024-02-02,120.0,O:MRK240202C00120000,2.26,7.15,4.890000000000001,0.6332429970784063,,,2024-01-31,2024-02-02
MRK,2024-02-01,put,2024-02-02,120.0,O:MRK240202P00120000,1.11,0.01,-1.1,0.3178972428505719,,,2024-01-31,2024-02-02
MRK,2023-08-01,call,2023-08-04,105.0,O:MRK230804C00105000,2.83,1.34,-1.49,0.6390765802490571,0.42757464347545676,21.150193677360036,2023-07-31,2023-08-02
MRK,2023-08-01,put,2023-08-04,105.0,O:MRK230804P00105000,1.05,0.61,-0.44000000000000006,0.2460222026557977,0.2013595877542414,4.466261490155629,2023-07-31,2023-08-02
UNH,2025-10-28,call,2025-10-31,350.0,O:UNH251031C00350000,21.12,8.3,-12.82,1.4400702603428293,0.7986083244880013,64.14619358548279,2025-10-27,2025-10-29
UNH,2025-10-28,put,2025-10-31,350.0,O:UNH251031P00350000,4.9,2.35,-2.5500000000000003,0.34185362638161076,0.23200693084446353,10.984669553714724,2025-10-27,2025-10-29
UNH,2025-07-29,call,2025-08-01,300.0,O:UNH250801C00300000,5.25,0.04,-5.21,0.41258285682745593,,,2025-07-28,2025-07-30
UNH,2025-07-29,put,2025-08-01,300.0,O:UNH250801P00300000,23.21,33.85,10.64,1.8625150883197126,3.838877082386644,-197.63619940669312,2025-07-28,2025-07-30
UNH,2024-10-15,call,2024-10-18,590.0,O:UNH241018C00590000,23.58,0.38,-23.2,0.9510499405538795,0.016767286760688577,93.42826537931909,2024-10-14,2024-10-16
UNH,2024-10-15,put,2024-10-18,590.0,O:UNH241018P00590000,6.26,20.19,13.930000000000001,0.26064083734666954,1.163943999916088,-90.33031625694186,2024-10-14,2024-10-16
UNH,2024-07-16,call,2024-07-19,507.5,O:UNH240719C00507500,15.65,60.67,45.02,0.732190715958091,4.059309465437943,-332.7118749479852,2024-07-15,2024-07-17
UNH,2024-07-16,put,2024-07-19,507.5,O:UNH240719P00507500,8.6,0.04,-8.56,0.41242971147064117,0.006241794893164816,40.618791657747636,2024-07-15,2024-07-17
UNH,2024-04-16,call,2024-04-19,452.5,O:UNH240419C00452500,8.05,24.08,16.029999999999998,0.41953219491129845,1.7989512193823403,-137.94190244710418,2024-04-15,2024-04-17
UNH,2024-04-16,put,2024-04-19,452.5,O:UNH240419P00452500,14.51,0.13,-14.379999999999999,0.77477769200961,0.013877927158348893,76.08997648512612,2024-04-15,2024-04-17
ABBV,2025-07-31,call,2025-08-01,185.0,O:ABBV250801C00185000,6.73,11.1,4.369999999999999,1.2278164238473646,,,2025-07-30,2025-08-01
ABBV,2025-07-31,put,2025-08-01,185.0,O:ABBV250801P00185000,2.74,0.01,-2.7300000000000004,0.5062573177895473,,,2025-07-30,2025-08-01
ABBV,2024-10-30,call,2024-11-01,185.0,O:ABBV241101C00185000,6.45,18.67,12.220000000000002,0.9587783279576325,,,2024-10-29,2024-11-01
ABBV,2024-10-30,put,2024-11-01,185.0,O:ABBV241101P00185000,1.85,0.05,-1.8,0.2821970093497432,,,2024-10-29,2024-11-01
LLY,2025-05-01,call,2025-05-02,850.0,O:LLY250502C00850000,54.05,0.01,-54.04,2.1511919943240168,,,2025-04-30,2025-05-02
LLY,2025-05-01,put,2025-05-02,850.0,O:LLY250502P00850000,6.55,25.0,18.45,0.2655948130970716,,,2025-04-30,2025-05-02
LLY,2024-10-30,call,2024-11-01,892.5,O:LLY241101C00892500,34.0,0.01,-33.99,1.048205960074,,,2024-10-29,2024-11-01
LLY,2024-10-30,put,2024-11-01,892.5,O:LLY241101P00892500,21.64,71.0,49.36,0.6762954807314806,,,2024-10-29,2024-11-01
LLY,2024-04-30,call,2024-05-03,735.0,O:LLY240503C00735000,21.88,42.45,20.570000000000004,0.7065746076858768,1.953067980853065,-124.64933731671883,2024-04-29,2024-05-01
LLY,2024-04-30,put,2024-05-03,735.0,O:LLY240503P00735000,19.15,0.12,-19.029999999999998,0.6306848502459046,0.009452604485108687,62.12322457607959,2024-04-29,2024-05-01
LLY,2024-02-06,call,2024-02-09,650.0,O:LLY240209C00650000,60.36,80.27,19.909999999999997,2.222572224316729,4.194501395417094,-197.19291711003652,2024-02-05,2024-02-07
LLY,2024-02-06,put,2024-02-09,650.0,O:LLY240209P00650000,3.2,0.04,-3.16,0.1243639670409014,0.005528168520113225,11.883579852078817,2024-02-05,2024-02-07
LLY,2022-11-01,call,2022-11-04,340.0,O:LLY221104C00340000,23.51,16.8,-6.710000000000001,1.6516342310209915,1.6698638069449099,-1.8229575923918384,2022-10-31,2022-11-02
LLY,2022-11-01,put,2022-11-04,340.0,O:LLY221104P00340000,1.55,0.29,-1.26,0.1156312128022247,0.03332021653726019,8.231099626496452,2022-10-31,2022-11-02
